pmid,pmcid,retrieved
40201330,11978320,2025-07-09T10:36:15Z
40202749,11983290,2025-07-09T10:36:15Z
40204368,,2025-07-09T10:36:15Z
40204884,11982237,2025-07-09T10:36:15Z
40205451,11980160,2025-07-09T10:36:15Z
40207202,11979452,2025-07-09T10:36:15Z
40207475,,2025-07-09T10:36:15Z
40210205,12022523,2025-07-09T10:36:15Z
40217624,11989620,2025-07-09T10:36:15Z
40219928,,2025-07-09T10:36:15Z
40221929,,2025-07-09T10:36:15Z
40226230,11994078,2025-07-09T10:36:15Z
40227745,11997852,2025-07-09T10:36:15Z
40234359,,2025-07-09T10:36:15Z
40236760,11998943,2025-07-09T10:36:15Z
40236760,12225070,2025-07-09T10:36:15Z
40237293,,2025-07-09T10:36:15Z
40241145,12004863,2025-07-09T10:36:15Z
40242166,12001832,2025-07-09T10:36:15Z
40243189,,2025-07-09T10:36:15Z
40248909,,2025-07-09T10:36:15Z
40250084,,2025-07-09T10:36:15Z
40250824,,2025-07-09T10:36:15Z
40257275,,2025-07-09T10:36:15Z
40259165,,2025-07-09T10:36:15Z
40261495,,2025-07-09T10:36:15Z
40267668,,2025-07-09T10:36:15Z
40267726,,2025-07-09T10:36:15Z
40274027,,2025-07-09T10:36:15Z
40275030,12022304,2025-07-09T10:36:15Z
40275805,12151653,2025-07-09T10:36:15Z
40279125,12032559,2025-07-09T10:36:15Z
40285766,,2025-07-09T10:36:15Z
40287986,12035657,2025-07-09T10:36:15Z
40290132,12032934,2025-07-09T10:36:15Z
40296928,12037202,2025-07-09T10:36:15Z
40299223,12042357,2025-07-09T10:36:15Z
40306197,,2025-07-09T10:36:15Z
40307423,12043799,2025-07-09T10:36:15Z
40310602,,2025-07-09T10:36:15Z
40312164,,2025-07-09T10:36:15Z
40312716,12044822,2025-07-09T10:36:15Z
40312813,,2025-07-09T10:36:15Z
40312832,,2025-07-09T10:36:15Z
40319407,,2025-07-09T10:36:15Z
40319789,12163937,2025-07-09T10:36:15Z
40320496,12050225,2025-07-09T10:36:15Z
40324909,,2025-07-09T10:36:15Z
40326723,,2025-07-09T10:36:15Z
40328372,12163692,2025-07-09T10:36:15Z
40330594,12053489,2025-07-09T10:36:15Z
40330996,12050082,2025-07-09T10:36:15Z
40340456,,2025-07-09T10:36:15Z
40341059,12211465,2025-07-09T10:36:15Z
40341919,,2025-07-09T10:36:15Z
40344682,12063994,2025-07-09T10:36:15Z
40346843,,2025-07-09T10:36:15Z
40346862,,2025-07-09T10:36:15Z
40347317,12065691,2025-07-09T10:36:15Z
40355842,12067709,2025-07-09T10:36:15Z
40357112,12068832,2025-07-09T10:36:15Z
40359467,,2025-07-09T10:36:15Z
40361980,12071812,2025-07-09T10:36:15Z
40370791,12076274,2025-07-09T10:36:15Z
40371673,12149789,2025-07-09T10:36:15Z
40376191,12079652,2025-07-09T10:36:15Z
40378100,12083784,2025-07-09T10:36:15Z
40384278,,2025-07-09T10:36:15Z
40390258,12105537,2025-07-09T10:36:15Z
40392561,,2025-07-09T10:36:15Z
40395080,,2025-07-09T10:36:15Z
40397943,,2025-07-09T10:36:15Z
40397996,,2025-07-09T10:36:15Z
40398613,,2025-07-09T10:36:15Z
40401763,,2025-07-09T10:36:15Z
40402494,12100446,2025-07-09T10:36:15Z
40406079,12095234,2025-07-09T10:36:15Z
40406152,12095086,2025-07-09T10:36:15Z
40406410,12095163,2025-07-09T10:36:15Z
40409187,,2025-07-09T10:36:15Z
40413965,12178112,2025-07-09T10:36:15Z
40415419,,2025-07-09T10:36:15Z
40418717,,2025-07-09T10:36:15Z
40420426,,2025-07-09T10:36:15Z
40435106,12118920,2025-07-09T10:36:15Z
40439116,12122002,2025-07-09T10:36:15Z
40440488,,2025-07-09T10:36:15Z
40441405,,2025-07-09T10:36:15Z
40441481,,2025-07-09T10:36:15Z
40442611,12123841,2025-07-09T10:36:15Z
40443568,12121448,2025-07-09T10:36:15Z
40449287,,2025-07-09T10:36:15Z
40455102,,2025-07-09T10:36:15Z
40455496,,2025-07-09T10:36:15Z
40455735,12129234,2025-07-09T10:36:15Z
40461104,12133260,2025-07-09T10:36:15Z
40463549,12132121,2025-07-09T10:36:15Z
40466339,,2025-07-09T10:36:15Z
40480966,,2025-07-09T10:36:15Z
40491188,12152009,2025-07-09T10:36:15Z
40491879,11891851,2025-07-09T10:36:15Z
40495525,,2025-07-09T10:36:15Z
40498478,,2025-07-09T10:36:15Z
40498869,12157778,2025-07-09T10:36:15Z
40501102,,2025-07-09T10:36:15Z
40502617,12155011,2025-07-09T10:36:15Z
40504508,12205851,2025-07-09T10:36:15Z
40506013,,2025-07-09T10:36:15Z
40512511,12166484,2025-07-09T10:36:15Z
40519632,12163371,2025-07-09T10:36:15Z
40524720,12169042,2025-07-09T10:36:15Z
40526573,,2025-07-09T10:36:15Z
40532747,,2025-07-09T10:36:15Z
40537088,12226777,2025-07-09T10:36:15Z
40540004,,2025-07-09T10:36:15Z
40540313,12200219,2025-07-09T10:36:15Z
40540787,,2025-07-09T10:36:15Z
40541494,,2025-07-09T10:36:15Z
40543828,,2025-07-09T10:36:15Z
40548290,12179864,2025-07-09T10:36:15Z
40548404,7617822,2025-07-09T10:36:15Z
40549490,,2025-07-09T10:36:15Z
40549495,,2025-07-09T10:36:15Z
40555701,,2025-07-09T10:36:15Z
40562508,,2025-07-09T10:36:15Z
40569592,12203278,2025-07-09T10:36:15Z
40569596,12203276,2025-07-09T10:36:15Z
40569933,12200650,2025-07-09T10:36:15Z
40577006,12205403,2025-07-09T10:36:15Z
40577354,,2025-07-09T10:36:15Z
40578797,,2025-07-09T10:36:15Z
40581187,,2025-07-09T10:36:15Z
40581230,,2025-07-09T10:36:15Z
40583827,,2025-07-09T10:36:15Z
40589911,12208605,2025-07-09T10:36:15Z
40590271,12210339,2025-07-09T10:36:15Z
40599969,,2025-07-09T10:36:15Z
40604652,12217192,2025-07-09T10:36:15Z
40604906,12218965,2025-07-09T10:36:15Z
40606797,12213302,2025-07-09T10:36:15Z
40610254,,2025-07-09T10:36:15Z
40610285,,2025-07-09T10:36:15Z
40611139,12225069,2025-07-09T10:36:15Z
40612555,12222128,2025-07-09T10:36:15Z
40613015,12221723,2025-07-09T10:36:15Z
40618656,,2025-07-09T10:36:15Z
40622248,,2025-07-09T10:36:15Z
40623259,,2025-07-09T10:36:15Z
40623817,,2025-07-09T10:36:15Z
40626143,12231959,2025-07-09T10:36:15Z
40629159,,2025-07-09T10:36:15Z
